address,city,state,zipcode
8177 Glades Rd. Bay 25,Boca Raton,FL,33434
1211 27th Place South,Birmingham,AL,35205
717 Downtowner Loop West,Mobile,AL,36609
8595 College Parkway Suite 250,Fort Myers,FL,33919
1105 53rd Avenue East Suite 201,Bradenton,FL,34203
914 NW 13th Street,Gainesville,FL,32601
625 N Shipley Street,Wilmington,DE,19801
44 Main Street,Danbury,CT,06810
4697 Main Street,Bridgeport,CT,06606
140 E Delaware Ave,Newark,DE,19711
5978 Powers Avenue,Jacksonville,FL,32217
805 S Governors Ave,Dover,DE,19901
610 Oak Commons Blvd.,Kissimmee,FL,34741
2250 E Edgewood Drive,Lakeland,FL,33803
87 Westcott Road,Danielson,CT,06239
111 Hazard Ave.,Enfield,CT,06082
1229 Albany Avenue,Hartford,CT,06112
319B Main Street,Manchester,CT,06040
26 Women's Way,Meriden,CT,06451
345 Whitney Ave,New Haven,CT,06511
45 Franklin Street,New London,CT,06320
12 Case Street,Norwich,CT,06360
263 Main Street,Old Saybrook,CT,06475
35 Sixth Street,Stamford,CT,06902
249 Winsted Road,Torrington,CT,06790
1030 New Britain Ave,West Hartford,CT,06110
969 W Main Street,Waterbury,CT,06708
1548 W Main Street,Willimantic,CT,06226
585 N.W. 161 St. Suites 200-300,Miami,FL,33169
8900 SW 117th Avenue Unit 207-B,Miami,FL,33186
1378 Coral Way, 4th Fl,Miami,FL,33145
1425 Creech Road,Naples,FL,34103
Temporarily Closed,Orlando,FL,32805
11500 University Blvd,Orlando,FL,32817
33 6th Street South,Saint Petersburg,FL,33701
263 North University Drive,Pembroke Pines,FL,33024
736 Central Avenue,Sarasota,FL,34236
1322 NW Federal Hwy., Emerald Plaza,Stuart,FL,34994
2618 Tennessee Street,Tallahassee,FL,32304
236 E. Bearss Avenue,Tampa,FL,33613
8068 North 56th Street,Tampa,FL,33617
10111 Forest Hill Blvd Suite 340,Wellington,FL,33414
931 Village Blvd. Suite 904,West Palm Beach,FL,33409
839 S Beretania Street,Honolulu,HI,96813
140 Hoohana Street Suite 303  Maui,Kahului,HI,96732
1225 4th St. NE,Washington,DC,20002
440 Moreland Avenue SE,Atlanta,GA,30316
798 Lawrenceville Suwanee Road,Lawrenceville,GA,30043
220 Cobb Parkway North Suite 500,Marietta,GA,30062
720 East 71st St,Savannah,GA,31405
3729 North Crossover St.,Fayetteville,AR,72703
5921 W. 12th Street,Little Rock,AR,72204
1560 12th Street #7,Alamosa,CO,81101
7735 Wadsworth Boulevard,Arvada,CO,80003
1284 S. Abilene St,Aurora,CO,80012
2525 Arapahoe Ave Suite C-200,Boulder,CO,80302
3480 Centennial Blvd.,Colorado Springs,CO,80907
20 West North Street,Cortez,CO,81321
7155 E 38th Ave,Denver,CO,80207
6310 E Exposition Ave.,Denver,CO,80224
921 E 14th Ave,Denver,CO,80218
46 Suttle St,Durango,CO,81303
825 South Shields St Suites 4 - 7,Fort Collins,CO,80521
825 South Shields St Suites 4 - 7,Fort Collins,CO,80521
2500 S. Woodlands Village Blvd,Flagstaff,AZ,86001
5771 W. Eugie,Glendale,AZ,85304
1235 S. Gilbert Rd.,Mesa,AZ,85204
4751  N 15th Street,Phoenix,AZ,85014
2020 N. 75th Avenue Suite 11,Phoenix,AZ,85035
1837 E Baseline Rd.,Tempe,AZ,85283
2255 N. Wyatt Dr.,Tucson,AZ,85712
330 S. Garfield Avenue, 3rd Fl. - Suite 300,Alhambra,CA,91801
303 W. Lincoln Ave., #105,Anaheim,CA,92805
1104 Buchanan Road #C10,Antioch,CA,94509
2633 16th Street,Bakersfield,CA,93301
21001 Sherman Way #9,Canoga Park,CA,91303
3100 Cohasset Rd.,Chico,CA,95973
916 W Burbank Blvd. #M,Burbank,CA,91506
1295 Broadway #201,Chula Vista,CA,91911
14671 Olympic Drive,Clearlake,CA,95422
49-111 California 111 #6A,Coachella,CA,92236
2185 Pacheco Street,Concord,CA,94520
2079 Compton Avenue,Corona,CA,92881
1685 E. Main  Street #301,El Cajon,CA,92021
1520 Nutmeg Place Suite 101,Costa Mesa,CA,92626
1463 South 4th Street,El Centro,CA,92243
320 El Cerrito Plaza,El Cerrito,CA,94530
4786 N. Peck Road, Ste. B,El Monte,CA,91732
347 W. Mission Avenue,Escondido,CA,92025
3668 N. Harbor Lane,Boise,ID,83703
2112 East Franklin Road,Meridian,ID,83642
200 Second Ave N.,Twin Falls,ID,83301
4001 Lake Otis Parkway #101,Anchorage,AK,99508
3231 Glacier Hwy.,Juneau,AK,99801
1867 Airport Way Suite 160B,Fairbanks,AK,99701
130 East Redoubt Avenue,Soldotna,AK,99669
236 Agate Ave.,Granby,CO,80446
50923 Hwy 6 & 24,Glenwood Springs,CO,81601
3487B W 10th Street,Greeley,CO,80634
1400 S Wadsworth Blvd.,Lakewood,CO,80232
131 W County Line Rd,Littleton,CO,80129
233 E. 2nd Ave,Salida,CO,81201
111 11th Street Unit 102,Steamboat Springs,CO,80487
3225 Timber Fall Court Suite B,Eureka,CA,95503
1325 Travis Blvd. #C,Fairfield,CA,94533
6095 N. 1st Street,Fresno,CA,93710
650 N. Fulton Street,Fresno,CA,93728
760 Renz Lane,Gilroy,CA,95020
1032 A Street,Hayward,CA,94541
130 W Route 66 ,Glendora,CA,91740
5519 E. Del Amo Blvd,Lakewood,CA,90713
5525 E Del Amo Blvd.,Lakewood,CA,90713
14623 Hawthorne Blvd. #300,Lawndale,CA,90260
2690 Pacific Avenue, Ste. 370,Long Beach,CA,90806
1014 1/2 N Vermont Ave,Los Angeles,CA,90029
8520 So. Broadway,Los Angeles,CA,90003
1057 Kingston Avenue,Los Angeles,CA,90033
3637 S. La Brea Ave,Los Angeles,CA,90016
5068 Whittier Blvd.,Los Angeles,CA,90022
400 West 30th Street,Los Angeles,CA,90007
1578 Colorado Blvd.,Los Angeles,CA,90041
500 E. Almond Suite #1,Madera,CA,93637
965 E. Yosemite Avenue Suite #2,Manteca,CA,95336
3166 Collins Dr.,Merced,CA,95348
26137 La Paz Rd., #200,Mission Viejo,CA,92691
1431 McHenry Avenue Suite 100,Modesto,CA,95350
225 San Antonio Road,Mountain View,CA,94040
12900 Frederick Street Suite C,Moreno Valley,CA,92553
1735 Jefferson Street,Napa,CA,94559
5700 Watt Ave.,North Highlands,CA,95660
1682 7th Street,Oakland,CA,94607
8480 Enterprise Way ,Oakland,CA,94621
700 S. Tustin St.,Orange,CA,92866
533 E. Palmdale Boulevard, Ste. 533-A1,Palmdale,CA,93550
1045 N. Lake Ave.,Pasadena,CA,91104
1550 N Garey Avenue,Pomona,CA,91767
71777 San Jacinto Drive Suite 202,Rancho Mirage,CA,92270
3051 E. New York St.,Aurora,IL,60504
Lakeland Square, 4529 North Illinois St.,Belleville,IL,62226
1319 N. Veterans Parkway,Bloomington,IL,61704
302 E Stoughton St.,Champaign,IL,61820
1152 N Milwaukee Ave,Chicago,IL,60642
18 S. Michigan Avenue,Chicago,IL,60603
1200 N LaSalle Street,Chicago,IL,60610
6059 S. Ashland Ave.,Chicago,IL,60636
11250 S Halsted St.,Chicago,IL,60628
5937 W Chicago Ave.,Chicago,IL,60651
5725 North Broadway,Chicago,IL,60660
3021 N Oakland Ave,Decatur,IL,62526
19831 Governors Highway,Flossmoor,IL,60422
14470 S. LaGrange Rd.,Orland Park,IL,60462
612 Court Street,Ottawa,IL,61350
328 South Fourth Street,Pekin,IL,61554
2709 N Knoxville Ave,Peoria,IL,61604
601 N. Bruns,Springfield,IL,62702
3200 Sycamore Court,Columbus,IN,47203
421 S College Ave,Bloomington,IN,47403
505 S. 3rd Street,Elkhart,IN,46516
125 N Weinbach #120,Evansville,IN,47711
1124 Broadway,Gary,IN,46407
7131 Indianapolis Blvd.,Hammond,IN,46324
3750 N Meridian St., #100,Indianapolis,IN,46208
9385 E Washington Street,Indianapolis,IN,46229
935 E Hanna Ave,Indianapolis,IN,46227
8590 Georgetown Road,Indianapolis,IN,46268
964 Mezzanine Dr.,Lafayette,IN,47905
8645 Connecticut Street,Merrillville,IN,46410
2424 Franklin Street,Michigan City,IN,46360
2708 Paoli Pike Pl.,New Albany,IN,47150
3005 Grape Rd.,Mishawaka,IN,46545
357 Tanger Blvd,Seymour,IN,47274
2530 Chamberlain Street,Ames,IA,50014
2520 Melrose Drive Suite L,Cedar Falls,IA,50613
3425 First Ave SE Suite 100,Cedar Rapids,IA,52402
1604 2nd Ave,Council Bluffs,IA,51501
2304 University Avenue,Des Moines,IA,50311
1000 E. Army Post Road,Des Moines,IA,50315
850 Orchard Street,Iowa City,IA,52246
3303 109th Street,Urbandale,IA,50322
71777 San Jacinto Drive Suite 202,Rancho Mirage,CA,92270
2935 Bechelli Lane,Redding,CA,96002
2907 El Camino Real ,Redwood City,CA,94061
2970 Hilltop Mall Road #307,Richmond,CA,94806
3772 Tibbetts,Riverside,CA,92506
729 Sunrise Ave. Suite 900,Roseville,CA,95661
5385 Franklin Blvd. Suite A-D,Sacramento,CA,95820
1125 10th Street,Sacramento,CA,95814
201 29th Street, Ste. B,Sacramento,CA,95816
316 N. Main Street,Salinas,CA,93901
1873 S. Commercenter Dr. W.,San Bernardino,CA,92408
2017 First Avenue,San Diego,CA,92101
2017 First Avenue,San Diego,CA,92101
4305 University Avenue, #350,San Diego,CA,92105
220 Euclid Ave Suite 30,San Diego,CA,92114
4501 Mission Bay Drive,San Diego,CA,92109
4575 College Ave,San Diego,CA,92115
10717 Camino Ruiz Suite #258,San Diego,CA,92126
2470 Alvin Ave ,San Jose,CA,95121
1650 Valencia St,San Francisco,CA,94110
1294 Potrero Ave.,San Francisco,CA,94110
7526 Clairemont Mesa Blvd.,San Diego,CA,92111
5440 Thornwood Drive,San Jose,CA,95123
1691 The Alameda,San Jose,CA,95126
3131 Alum Rock Avenue,San Jose,CA,95127
29 Baywood Ave ,San Mateo,CA,94402
4401 W 109th Street #100,Overland Park,KS,66211
743 Pismo Street,San Luis Obispo,CA,93401
842 South 7th Street,Louisville,KY,40203
268 Southland Drive,Lexington,KY,40503
3825 Government Street,Baton Rouge,LA,70806
2226 E Central,Wichita,KS,67214
4636 S Claiborne Ave,New Orleans,LA,70125
929 West Street #305,Annapolis,MD,21401
330 North Howard Street,Baltimore,MD,21201
8579 Commerce Drive #102,Easton,MD,21601
170 Thomas Johnson Drive,Frederick,MD,21702
9129 Reisterstown Road,Owings Mills,MD,21117
5001 Silver Hill Road Suite #103,Suitland,MD,20746
19650 Clubhouse Road #104,Gaithersburg,MD,20879
1714 Joan Ave,Towson,MD,21234
3975 St. Charles Parkway,Waldorf,MD,20602
2 H Street,San Rafael,CA,94901
1421 E. 17th St.,Santa Ana,CA,92705
200 Porter Drive Suite 200,San Ramon,CA,94583
518 Garden Street,Santa Barbara,CA,93101
1119 Pacific Ave. Suite 200,Santa Cruz,CA,95060
415 E Chapel Street,Santa Maria,CA,93454
1316 3rd Street Promenade #201,Santa Monica,CA,90401
1140 Sonoma Avenue Building 3,Santa Rosa,CA,95405
435 Grand Avenue,South San Francisco,CA,94080
625 Hilby Ave.,Seaside,CA,93955
4555 Precissi Lane ,Stockton,CA,95207
678 N Wilson Way #G,Stockton,CA,95205
1200 W Hillcrest,Thousand Oaks,CA,91320
1441 N. Tracy Blvd.,Tracy,CA,95376
918 W. Foothill Blvd., #A,Upland,CA,91786
242-A Hospital Drive,Ukiah,CA,95482
303 Sacramento Street,Vallejo,CA,94590
7100 Van Nuys Blvd. #108,Van Nuys,CA,91405
5400 Ralston Street,Ventura,CA,93003
15403 Park Ave. E.,Victorville,CA,92392
211 N. Stevenson Street,Visalia,CA,93291
1357 Oakland Blvd.,Walnut Creek,CA,94596
1964 Via Centre ,Vista,CA,92081
398 South Green Valley Road,Watsonville,CA,95076
825 N. San Vicente Blvd.,West Hollywood,CA,90069
14372 Beach Blvd.,Westminster,CA,92683
7655 Greenleaf Ave,Whittier,CA,90602
520 Cottonwood Street Suite 10,Woodland,CA,95695
275 Main St Suite 102,Biddeford,ME,04005
443 Congress Street,Portland,ME,04101
886 Main Street, Ste. 302 ,Sanford,ME,04073
4 Bowdoin Mill Island,Topsham,ME,04086
700 Cedar Street Suite 165,Alexandria,MN,56308
15322 Galaxie Avenue Suite 105,Apple Valley,MN,55124
2504 Hannah Ave NW,Bemidji,MN,56601
6900 78th Ave N. Suite 103,Brooklyn Park,MN,55445
1001 East Central Entrance Suite 200,Duluth,MN,55811
582 Prairie Center Dr. Suite 215,Eden Prairie,MN,55344
1404 NW 4th Street,Grand Rapids,MN,55744
201 North Victory Drive Suite 211, Belle Mar Mall,Mankato,MN,56001
918 W Lake St,Minneapolis,MN,55408
803 Belsly Boulevard,Moorhead,MN,56560
6527 Lyndale Avenue South,Richfield,MN,55423
1212 7th St. NW,Rochester,MN,55901
451 E. St. Germain St Suite 100,Saint Cloud,MN,56304
671 Vandalia St.,Saint Paul,MN,55114
91 Viking Drive West,Saint Paul,MN,55117
505 12th Avenue West,Virginia,MN,55792
2320 E. Highway 12 Suite 6,Willmar,MN,56201
1795 Radio Drive,  Suite D,Woodbury,MN,55125
430 Palora Ave. #G,Yuba City,CA,95991
1055 Commonwealth Avenue,Boston,MA,02215
391 Main Street,Fitchburg,MA,01420
91 Main Street,Marlborough,MA,01752
3550 Main Street Suite 201,Springfield,MA,01107
470 Pleasant Street ,Worcester,MA,01609
3100 Professional Drive,Ann Arbor,MI,48104
2370 W. Stadium Blvd.,Ann Arbor,MI,48103
1161 East Napier Ave.,Benton Harbor,MI,49022
110 Sanborn Ave. Suite B,Big Rapids,MI,49307
4229 Cass Ave.,Detroit,MI,48201
CLOSED,Burton,MI,48509
1726 Howard Street,Detroit,MI,48216
23338 Woodward Ave.,Ferndale,MI,48220
G-3371 Beecher Road,Flint,MI,48532
425 Cherry St. SE,Grand Rapids,MI,49503
2009 W. Michigan Ave.,Jackson,MI,49202
4201 W Michigan Ave,Kalamazoo,MI,49006
300 N. Clippert, Ste. 6,Lansing,MI,48912
15707 Farmington Road,Livonia,MI,48154
1219 N. Third St.,Marquette,MI,49855
1003 Spring St.,Petoskey,MI,49770
209 E. Apple Ave.,Muskegon,MI,49442
2650 N. McLeod Drive,Saginaw,MI,48604
1135 E. Eighth St.,Traverse City,MI,49686
29350 Van Dyke Ave.,Warren,MI,48093
711 N Providence Road,Columbia,MO,65203
Surrey Plaza II, 2782 North Hwy 67,Florissant,MO,63033
2900 NE 60th Street Suite 100,Gladstone,MO,64119
815 N Noland Road,Independence,MO,64050
#1 Stonegate Center,Manchester,MO,63088
710 Illinois Ave,Joplin,MO,64801
4251 Forest Park Avenue,Saint Louis,MO,63108
3401 South Grand,Saint Louis,MO,63118
4251 Forest Park Avenue,Saint Louis,MO,63108
1001 Emanuel Cleaver II Blvd.,Kansas City,MO,64110
208 Mid Rivers Mall Center Dr.,Saint Peters,MO,63376
626 E Battlefield St.,Springfield,MO,65807
35 East Browning Road,Bellmawr,NJ,08031
317 Broadway,Camden,NJ,08103
8008 Route 130N,Delran,NJ,08075
560 Dr. Martin Luther King Blvd., Ste. 100,East Orange,NJ,07018
1171 Elizabeth Avenue,Elizabeth,NJ,07201
46 N Van Brunt Street,Englewood,NJ,07631
349 Rt 31 South,Flemington,NJ,08822
800 W Main Street,Freehold,NJ,07728
575 Main Street,Hackensack,NJ,07601
2279 State Highway 33,Hamilton Square,NJ,08690
29 N Fullerton Ave,Montclair,NJ,07042
196 Speedwell Ave,Morristown,NJ,07960
240 Mulberry Street,Newark,NJ,07102
70 Adams St Suite 13,Newark,NJ,07105
10B Industrial Drive,New Brunswick,NJ,08901
8 Moran Street,Newton,NJ,07860
680 Broadway,Paterson,NJ,07505
450 Market Street,Perth Amboy,NJ,08861
Stockton College,Pomona,NJ,08240
69 East Newman Springs Road,Shrewsbury,NJ,07702
437 East State Street,Trenton,NJ,08608
66 East Washington Avenue,Washington,NJ,07882
68 McDowell St,Asheville,NC,28801
1765 Dobbins Drive,Chapel Hill,NC,27514
4822 Albemarle Road #103 and #104&106 (Admin),Charlotte,NC,28205
105 Newsom Street, Ste. 101,Durham,NC,27704
4551 Yadkin Rd,Fayetteville,NC,28303
1704 Battleground Ave,Greensboro,NC,27408
100 S Boylan Ave.,Raleigh,NC,27603
1925 Tradd Court,Wilmington,NC,28401
3000 Maplewood Ave, Ste. 112,Winston-Salem,NC,27103
3220 W Charleston Blvd.,Las Vegas,NV,89102
3300 E Flamingo Rd #25,Las Vegas,NV,89121
455 W. 5th Street,Reno,NV,89503
214 South 27th Avenue,Hattiesburg,MS,39401
1005 East State Street,Athens,OH,45701
25350 Rockside Rd,Bedford Heights,OH,44146
444 West Exchange Street,Akron,OH,44302
2663 Cleveland Ave NW,Canton,OH,44709
290 Northland Blvd.,Cincinnati,OH,45246
2314 Auburn Avenue,Cincinnati,OH,45219
25350 Rockside Rd,Bedford Heights,OH,44146
2314 Auburn Avenue,Cincinnati,OH,45219
2016 Ferguson Road,Cincinnati,OH,45238
7997 Euclid Ave,Cleveland,OH,44103
3311 Broadview Road,Cleveland,OH,44109
1511 West Broad Street,Columbus,OH,43222
18 East 17th Avenue,Columbus,OH,43201
3255 East Main Street,Columbus,OH,43213
224 N Wilkinson Street,Dayton,OH,45402
11 Ludlow Street,Hamilton,OH,45011
138 E Main Street,Kent,OH,44240
200 W. 9th Street,Lorain,OH,44052
384 Park Avenue W,Mansfield,OH,44906
4018 Medina Road,Medina,OH,44256
1061 North Bechtle Avenue,Springfield,OH,45504
20800 Center Ridge Road #101,Rocky River,OH,44116
1301 Jefferson Ave,Toledo,OH,43604
375 North Park Ave NW Suite 1,Warren,OH,44481
334 E Milltown Road,Wooster,OH,44691
77 E Midlothian Blvd.,Youngstown,OH,44507
3431 S. Boulevard Suite 108,Edmond,OK,73013
205 E. Pine St.,Tulsa,OK,74106
619 NW 23rd Street,Oklahoma City,OK,73103
136 Pleasant St.,Claremont,NH,03743
205 E. Pine St.,Tulsa,OK,74106
4 Birch Street,Derry,NH,03038
108 High Street,Exeter,NH,03833
8 Middle Street,Keene,NH,03431
24 Pennacook Street,Manchester,NH,03104
3105 N. 93rd St,Omaha,NE,68134
1532 Siskiyou Blvd.,Ashland,OR,97520
2330 NE Division St. Suite 7,Bend,OR,97701
12220 SW First St. Suite 200,Beaverton,OR,97005
175 Broad Street,Providence,RI,02903
29 North Ninth Street,Allentown,PA,18101
Centre Plaza Shopping Center,Bensalem,PA,19020
1001 East Lincoln Highway,Coatesville,PA,19320
533 Washington Pike Suite 203,Bridgeville,PA,15017
125 Nature Park Road,Greensburg,PA,15601
1450 Birch Avenue,Cottage Grove,OR,97424
793 N. Danebo Avenue,Eugene,OR,97402
3579 Franklin Blvd,Eugene,OR,97403
160 NW Franklin Blvd.,Grants Pass,OR,97526
125 South Central,Medford,OR,97501
14411 SE McLoughlin Blvd,Milwaukie,OR,97267
3727 NE Martin Luther King Jr. Boulevard,Portland,OR,97212
3231 SE 50th,Portland,OR,97206
3825 Wolverine St., NE,Salem,OR,97305
5631 S. 48th Street,Lincoln,NE,68516
1312 Ashley River Road,Charleston,SC,29407
2712 Middleburg Drive Suite 107,Columbia,SC,29204
1514 North Second Street,Harrisburg,PA,17102
817 Franklin Street ,Johnstown,PA,15901
31 South Lime Street,Lancaster,PA,17602
216 W State Street,Media,PA,19063
935 Beaver Grade Road Suite 12,Moon Township,PA,15108
1221 Powell Street,Norristown,PA,19401
1221 Powell Street,Norristown,PA,19401
1144 Locust Street,Philadelphia,PA,19107
8210 Castor Ave,Philadelphia,PA,19152
2751 Comly Road,Philadelphia,PA,19154
1144 Locust Street,Philadelphia,PA,19107
933 Liberty Avenue,Pittsburgh,PA,15222
933 Liberty Avenue,Pittsburgh,PA,15222
2081 E. High Street,Pottstown,PA,19464
48 South Fourth Street,Reading,PA,19602
401 West Broad Street,Quakertown,PA,18951
118 South Kimberly Ave, Ste. 201,Somerset,PA,15501
7200 Chestnut Street,Upper Darby,PA,19082
610 Louis Drive ,Warminster,PA,18974
8 S Wayne Street,West Chester,PA,19382
8 S Wayne Street,West Chester,PA,19382
101 N. Main Street,Wilkes-Barre,PA,18701
728 South Beaver St,York,PA,17401
6511 West 41st Street,Sioux Falls,SD,57106
710 North Cherry St.,Knoxville,TN,37914
701 San Mateo NE,Albuquerque,NM,87108
9809 Candelaria Road NE,Albuquerque,NM,87112
2804 E 20th Street,Farmington,NM,87401
730 St. Michael's Drive Suite 4B,Santa Fe,NM,87505
3701 South Cooper Street #235,Arlington,TX,76015
5290 Beltline Road #134,Addison,TX,75254
1823 E 7th Street,Austin,TX,78702
9041 Research #250,Austin,TX,78758
201 E. Ben White Blvd. - Bldg. A,Austin,TX,78704
201 E. Ben White Blvd. - Bldg. B,Austin,TX,78704
2824 Central Drive,Bedford,TX,76021
870 E. Alton Gloor Blvd.,Brownsville,TX,78526
140 W FM 1382, Ste 160,Cedar Hill,TX,75104
9100 N. Central Expwy, #169,Dallas,TX,75231
7989 West Virginia Drive,Dallas,TX,75237
2436 S Interstate 35 #340,Denton,TX,76205
1511 E. Missouri Avenue,El Paso,TX,79902
2430 Poplar Avenue,Memphis,TN,38112
1511 E. Missouri Avenue,El Paso,TX,79902
412 Dr. D.B. Todd, Jr. Blvd.,Nashville,TN,37203
835 Virginia Run Cove,Memphis,TN,38122
550 N Main #17,Logan,UT,84321
6464 John Ryan Drive - Suite A,Fort Worth,TX,76132
3863 Miller Ave.,Fort Worth,TX,76119
6464 John Ryan Drive - Suite B,Fort Worth,TX,76132
712 N 77 Sunshine Strip, Ste. 18,Harlingen,TX,78550
13169 Northwest Freeway Suite 115,Houston,TX,77040
4600 Gulf Freeway, Ste.300,Houston,TX,77023
9919 North Freeway Service Road Suite 107,Houston,TX,77037
4600 Gulf Freeway, Ste. 100, 1st Floor,Houston,TX,77023
5800 Bellaire Blvd. Building 1B Suite 120,Houston,TX,77081
1356 W. Main Street,Lewisville,TX,75067
1220 North Town East Blvd. #240,Mesquite,TX,75150
920 San Pedro Ave.,San Antonio,TX,78212
1735 17th Street NE,Paris,TX,75460
600 North Central Expressway,Plano,TX,75074
8725 Marbach Rd., Ste. 215,San Antonio,TX,78227
2140 Babcock Rd,San Antonio,TX,78229
2346 E. Southcross Blvd. ,San Antonio,TX,78223
11514 Perrin Beitel Rd,San Antonio,TX,78217
920 San Pedro Ave. Suite 150,San Antonio,TX,78212
4747 Louetta Road,Spring,TX,77388
12614 Southwest Freeway Suite B,Stafford,TX,77477
601 Turtle Creek Drive,Tyler,TX,75701
12614 Southwest Freeway Suite B,Stafford,TX,77477
4387 Harrison Blvd.,Ogden,UT,84403
1086 North 1200 West,Orem,UT,84057
595 South Bluff Street Suite 1,Saint George,UT,84770
654 South 900 East,Salt Lake City,UT,84102
160 South 1000 East Suite 120,Salt Lake City,UT,84102
1091 West South Jordan Parkway (106th South) Suite 100,South Jordan,UT,84095
1906 West 3600 South,West Valley City,UT,84119
700 West Highway 6 Suite A,Waco,TX,76712
700 West Highway 6 Suite B,Waco,TX,76712
90 Washington Street,Barre,VT,05641
210 South St. Ste. 4,Bennington,VT,05201
6 High St.,Brattleboro,VT,05301
183 Saint Paul Street,Burlington,VT,05401
213 Main St.,Hyde Park,VT,05655
1330 Exchange Street,Middlebury,VT,05753
79 Coventry Street,Newport,VT,05855
11 Burnham Avenue,Rutland,VT,05701
80 Fairfield Street,Saint Albans,VT,05478
501 Portland St,Saint Johnsbury,VT,05819
79 South Main St,White River Junction,VT,05001
75 Talcott Road,Williston,VT,05495
2964 Hydraulic Road,Charlottesville,VA,22901
403 Yale Drive,Hampton,VA,23666
201 N Hamilton Street,Richmond,VA,23221
14730 NE 8th St.,Bellevue,WA,98007
1530 Ellis Street,Bellingham,WA,98225
723 NE Riddell Road Suite A ,Bremerton,WA,98310
522 Grand Central Ave.,Vienna,WV,26105
2207 Peters Creek Road,Roanoke,VA,24017
515 Newtown Road,Virginia Beach,VA,23462
1020 W Main Street,Centralia,WA,98531
613 N. Pine St.,Ellensburg,WA,98926
1509 32nd St.,Everett,WA,98201
1105 S 348th Street #B103,Federal Way,WA,98003
470 Reed Street, Unit 2A ,Friday Harbor,WA,98250
7426 W. Bonnie Pl.,Kennewick,WA,99336
10056 SE 240th #A,Kent,WA,98031
19505 76th Ave W. 200,Lynnwood,WA,98036
10210 State Ave.,Marysville,WA,98271
607 E. Riviera Avenue,Moses Lake,WA,98837
402 Legion Way Suite 201,Olympia,WA,98501
3901 W. Court St.,Pasco,WA,99301
426 East 8th Street,Port Angeles,WA,98362
1525 SE King Drive,Pullman,WA,99163
702-30th Ave SW,Puyallup,WA,98373
1805 E Division Street,Mount Vernon,WA,98274
2001 E Madison,Seattle,WA,98122
1229 Madison Street,Seattle,WA,98104
5020 Roosevelt Way NE ,Seattle,WA,98105
1200 N. Northgate Way,Seattle,WA,98133
9942 8th Avenue SW,Seattle,WA,98106
2505 Olympic Hwy N, #400,Shelton,WA,98584
123 E. Indiana Ave.,Spokane,WA,99207
1844 Broadwater #4,Billings,MT,59102
100 West Wicks Lane,Billings,MT,59105
211 9th Street South,Great Falls,MT,59405
1500 Cannon,Helena,MT,59601
219 East Main Street,Missoula,MT,59802
12104 E. Main Ave.,Spokane Valley,WA,99206
2934 Covey Ln,Sunnyside,WA,98944
1515 Martin Luther King Jr. Way,Tacoma,WA,98405
828 S. First Ave.,Walla Walla,WA,99362
900 Ferry St.,Wenatchee,WA,98801
11516 SE Mill Plain Blvd,Vancouver,WA,98684
1117 Tieton Dr.,Yakima,WA,98902
508 W Wisconsin Ave Suite A,Appleton,WI,54911
312 South 7th Street,Delavan,WI,53115
967 W. Clairemont Avenue,Eau Claire,WI,54701
2605 S. Oneida Street,Green Bay,WI,54304
3601 Roosevelt Road,Kenosha,WI,53142
2222 S. Park Street Suite 210,Madison,WI,53713
3706 Orin Road,Madison,WI,53704
1100 South 30th Street,Manitowoc,WI,54220
5380 W Fond du Lac Avenue,Milwaukee,WI,53216
2207 W. Wisconsin Ave,Milwaukee,WI,53233
801 East Capitol Drive,Milwaukee,WI,53212
435 S. Water Street,Milwaukee,WI,53204
378 S. Koeller St.,Oshkosh,WI,54902
132 W. Cook Street,Portage,WI,53901
834 S Main Street ,Racine,WI,53403
426 W Main Street,Waukesha,WI,53186
909 South Taylor Drive,Sheboygan,WI,53081
1710 South 7th Street Suite 300,Milwaukee,WI,53204
2239 S 108th Street,West Allis,WI,53227
532 Shepherds Drive,West Bend,WI,53090
1355 South 8th Street,Wisconsin Rapids,WI,54494
855 Central Ave.,Albany,NY,12206
4803 State Highway/30 KEM Plaza,Amsterdam,NY,12010
222 W Main Street,Batavia,NY,14020
349 E 149th Street, 2nd Floor (next to Citibank),Bronx,NY,10451
44 Court Street, 6th Floor,Brooklyn,NY,11201
15 LaFayette Avenue,Canandaigua,NY,14424
2697 Main Street,Buffalo,NY,14214
9 Miner Street,Canton,NY,13617
1673 Route 9,Clifton Park,NY,12065
109 Legion Drive,Cobleskill,NY,12043
135 Walnut Street,Corning,NY,14830
755 E. Church Street,Elmira,NY,14901
110 School Street,Glen Cove,NY,11542
7 Coates Drive Suite 4,Goshen,NY,10924
540 Fulton Ave,Hempstead,NY,11550
111 Seneca Street,Hornell,NY,14843
804 Columbia Street,Hudson,NY,12534
755 New York Ave,Huntington,NY,11743
620 West Seneca Street,Ithaca,NY,14850
400 North Perry Street,Johnstown,NY,12095
21 Grand Street,Kingston,NY,12401
7398 Turin Rd,Lowville,NY,13367
246 W. Main Street Suites 1 and 2,Malone,NY,12953
35 Carmans Road,Massapequa,NY,11758
14 Prince Street,Monticello,NY,12701
6 Gramatan Avenue, 4th Floor,Mount Vernon,NY,10550
136 Lake Street Suite11,Newburgh,NY,12550
247-249 North Ave,New Rochelle,NY,10801
26 Bleecker Street,New York,NY,10012
750 Portage Road,Niagara Falls,NY,14301
15 Webster Street,North Tonawanda,NY,14120
419 Ford Street,Ogdensburg,NY,13669
603 Seneca Street Suite 5,Oneida,NY,13421
450 Waverly Ave,Patchogue,NY,11772
17 Noxon Street,Poughkeepsie,NY,12601
66 Brinkerhoff Street,Plattsburgh,NY,12901
21-41 45th Rd ,Queens,NY,11101
543 Bay Road,Queensbury,NY,12804
877 E Main Street - Suite 109,Riverhead,NY,11901
114 University Avenue,Rochester,NY,14605
111 E. Chestnut Street, Ste. 205,Rome,NY,13440
41 St. Bernard St.,Saranac Lake,NY,12983
236 Washington Street,Saratoga Springs,NY,12866
2824 W Ridge Road ,Rochester,NY,14626
1040 State Street,Schenectady,NY,12307
70 Maple Ave,Smithtown,NY,11787
25 Perlman Drive,Spring Valley,NY,10977
23 Hyatt Street ,Staten Island,NY,10301
1120 E Genesee Street,Syracuse,NY,13210
200 Broadway,Troy,NY,12180
1424 Genesee Street,Utica,NY,13502
106 W. Fourth Street,Watkins Glen,NY,14891
160 Stone Street,Watertown,NY,13601
180 Sunrise Highway,West Islip,NY,11795
Wimbledon Plaza 240 Center Road,West Seneca,NY,14224
175 Tarrytown Road,White Plains,NY,10607
20 S Broadway,Yonkers,NY,10701
